{"loss": 7.1159210205078125, "val_error": 0.06193321570754051, "iteration": 1000, "noise_std": 0.02387731708586216, "_timestamp": 1709290414.7399108, "_runtime": 23.792654752731323, "_step": 9}